3,84,80000,2
2,66,30000,0
2,66,25500,0
3,47,175000,1
3,47,120000,1
3,8,222200,2
3,8,136000,2
3,47,219000,1
3,47,141000,1
3,47,147100,1
3,47,90700,1
3,25,130000,1
3,25,100000,1
1,8,213660,2
1,8,130760,2
3,38,147100,1
3,38,90700,1
3,47,170000,1
3,47,150000,1
2,25,150000,1
2,25,110000,1
3,88,275000,1
3,88,174000,1
3,4,230000,1
3,4,143200,1
3,18,225000,1
3,18,156400,1
3,69,200000,1
3,69,130000,1
3,50,90000,1
3,50,72000,1
3,33,253200,1
3,33,90700,1
3,23,132026.64,1
3,23,184590,1
2,33,162500,1
2,33,130000,1
2,25,105380,1
2,25,64500,1
1,41,100000,2
1,22,30000,2
2,69,132026.64,2
1,8,204620,2
1,8,110680,2
3,33,270703,1
3,33,221484,1
3,47,212750,1
3,47,185000,1
3,47,262000,1
3,47,245000,1
3,47,275300,1
3,47,183500,1
3,47,218500,1
3,47,199098,1
3,33,203300,1
3,33,123600,1
3,88,189110,1
3,88,139000,1
0,47,258750,1
0,47,185000,1
3,33,231500,1
3,33,166000,1
3,47,172500,1
3,47,110500,1
3,33,238000,1
3,33,176000,1
3,33,237000,1
3,33,201450,1
3,8,132026.64,2
3,8,159100,2
3,33,115000,1
3,33,81500,1
3,47,237000,1
3,47,201450,1
3,23,280000,1
3,23,210000,1
3,31,280100,1
3,31,168100,1
3,33,193500,1
3,33,139000,1
2,47,132026.64,2
3,69,150000,1
2,6,65000,0
1,1,132026.64,2
2,69,90000,2
3,18,185900,1
3,18,129300,1
3,33,225000,1
3,33,175000,1
3,33,185000,1
3,33,140000,1
3,47,45000,1
3,47,36000,1
3,47,105000,1
3,47,70000,1
1,69,163196,1
1,69,145885,1
3,33,217000,1
3,33,185000,1
3,25,202800,2
3,25,104300,2
3,25,145000,1
3,25,65000,1
3,33,165000,1
3,33,132300,1
3,33,179170,1
3,33,94300,1
3,4,152500,1
3,4,116450,1
3,33,247300,1
3,33,133800,1
3,88,203000,1
3,88,133000,1
1,89,220000,2
1,69,54000,0
3,47,150000,1
3,47,120000,1
3,4,289800,1
3,4,214000,1
3,4,179820,1
3,4,143860,1
3,69,283200,1
3,69,188800,1
3,4,289800,1
3,4,214200,1
3,33,185900,1
3,33,129300,1
3,33,252000,1
3,33,129000,1
2,29,155000,1
2,29,140000,1
3,33,161800,1
3,33,141600,1
3,69,132026.64,2
3,69,176100,2
2,33,100000,1
2,33,70000,1
1,33,85000,1
1,33,65000,1
3,47,138784,1
3,47,83270,1
1,25,75000,1
1,25,70000,1
3,25,204500,1
3,25,138900,1
3,69,132026.64,1
3,69,212200,1
3,33,95000,1
3,33,75000,1
3,47,195000,1
3,47,160000,1
3,4,230000,1
3,4,143200,1
2,33,100000,1
2,33,70000,1
2,17,105000,2
2,5,132026.64,2
2,25,38000,1
2,25,35000,1
3,33,145000,1
3,33,115000,1
3,25,168400,1
3,25,105200,1
3,8,132026.64,2
3,8,159100,2
3,69,190000,1
3,69,150000,1
2,33,162500,1
2,33,130000,1
3,4,150000,1
3,4,120000,1
3,33,145000,1
3,33,120000,1
3,8,222200,2
3,8,136000,2
3,25,45000,1
3,25,35000,1
3,33,241000,1
3,33,155000,1
3,33,220000,1
3,33,190000,1
2,47,55000,1
2,47,45000,1
0,91,15000,1
2,55,70000,1
2,55,47500,1
1,25,85000,1
1,25,75000,1
3,33,160000,1
3,33,140000,1
2,69,132026.64,1
2,69,250000,1
3,47,228000,1
3,47,186000,1
3,47,190000,1
3,47,170000,1
2,88,230000,1
2,88,200000,1
3,31,180000,1
3,31,115000,1
3,31,200000,1
3,31,115000,1
3,32,50000,0
0,33,220000,1
0,33,205000,1
2,33,180000,1
2,33,130000,1
3,33,200000,1
3,33,150000,1
3,23,215000,1
3,23,170000,1
3,69,247500,1
3,69,172200,1
3,47,224000,1
3,47,176000,1
3,25,120000,1
3,25,75000,1
1,33,132026.64,2
3,5,100000,1
2,1,100000,1
3,25,140000,1
3,25,120000,1
3,33,128000,1
3,33,81500,1
3,33,145000,1
3,33,115000,1
3,33,185000,1
3,33,140000,1
0,58,132026.64,1
0,58,269600,1
3,41,100000,1
3,41,80000,1
3,47,250000,1
3,47,162500,1
2,1,200000,1
3,33,145000,1
3,33,100000,1
0,33,145000,1
0,33,115000,1
3,47,203500,1
3,47,152000,1
3,47,239000,2
3,47,122900,2
3,47,237000,1
3,47,145000,1
3,45,191765,1
3,45,134236,1
3,4,190000,1
3,4,112000,1
3,47,84000,2
1,33,85000,1
1,33,65000,1
3,25,135000,1
3,25,105500,1
3,88,293000,1
3,88,185000,1
3,25,80000,1
3,25,70000,1
3,33,220000,1
3,33,160000,1
3,47,175000,1
3,47,145000,1
3,25,200000,1
3,25,148500,1
3,47,45000,1
3,47,36000,1
3,33,240500,2
3,33,123700,2
3,4,152900,1
3,4,117100,1
3,4,173000,1
3,4,113000,1
3,8,260000,2
3,8,136000,2
0,33,175000,1
0,33,110000,1
3,8,260000,2
3,8,136000,2
3,89,130000,1
3,89,110000,1
3,8,205000,1
3,8,184000,1
3,25,149500,1
3,25,127075,1
3,47,195000,1
3,47,160000,1
3,33,219535,1
3,33,146115,1
3,47,170000,1
3,47,135000,1
3,47,175000,1
3,47,145000,1
3,47,199000,1
3,47,162000,1
3,8,222200,2
3,8,136000,2
0,4,221000,1
0,4,153000,1
3,25,187000,1
3,25,128000,1
3,89,210000,1
3,89,136000,1
3,47,175000,1
3,47,100000,1
3,33,179000,1
3,33,109000,1
3,47,245000,1
3,47,180000,1
3,25,142000,1
3,25,75000,1
3,37,198800,1
3,37,105200,1
3,25,125000,1
3,25,112000,1
3,47,210000,1
3,47,155000,1
3,37,115000,1
3,37,86000,1
3,47,165000,1
3,47,140000,1
3,25,139000,1
3,25,106000,1
1,25,55000,2
3,1,275000,0
3,73,50000,0
2,69,280700,1
2,69,150450,1
1,47,70000,2
3,31,250500,1
3,31,159500,1
3,33,145000,1
3,33,115000,1
3,25,140000,1
3,25,120000,1
1,47,130001,1
1,47,71907,1
2,47,93918,1
2,47,51962,1
3,25,175000,1
3,25,135000,1
1,33,85000,1
1,33,65000,1
3,69,257000,1
3,69,147000,1
3,33,222000,1
3,33,175000,1
3,47,203000,1
3,47,133200,1
1,8,213660,2
1,8,130760,2
3,33,221000,1
3,33,147000,1
3,41,100000,1
3,41,80000,1
3,47,185900,1
3,47,129300,1
3,47,238000,1
3,47,156000,1
3,69,132026.64,1
3,69,199000,1
2,16,45000,1
3,33,150000,1
3,33,130000,1
3,47,140000,1
3,47,110000,1
2,25,90000,1
2,25,75000,1
2,89,161200,1
2,89,84570,1
3,33,240000,1
3,33,183600,1
2,49,130000,1
2,49,80000,1
3,33,250000,1
3,33,150000,1
3,29,160000,1
3,29,120000,1
3,69,289076,1
3,69,202353,1
3,33,145000,1
3,33,120000,1
3,25,155000,1
3,25,106000,1
3,33,200000,1
3,33,160000,1
3,47,157750,1
3,47,104650,1
2,47,180000,1
2,47,140000,1
0,47,200000,1
0,47,145000,1
2,62,68000,2
1,13,60000,1
3,47,45000,1
3,47,36000,1
1,33,85000,1
1,33,65000,1
2,33,125000,1
2,33,90000,1
3,25,105000,1
3,25,90000,1
3,4,179820,1
3,4,143860,1
3,25,135000,1
3,25,105500,1
1,88,155000,1
1,88,125000,1
3,69,241000,1
3,69,181000,1
3,47,252000,1
3,47,154000,1
0,31,180000,1
0,31,155000,1
3,47,191765,1
3,47,134236,1
3,47,175000,1
3,47,145000,1
3,47,237000,1
3,47,145000,1
1,88,155000,1
1,88,125000,1
3,25,80000,1
3,25,70000,1
3,33,146000,1
3,33,75000,1
1,25,64200,1
1,25,56100,1
3,69,170000,1
3,69,130000,1
3,25,208450,1
3,25,170550,1
3,69,125000,1
3,69,100000,1
2,37,135000,1
2,37,120000,1
3,47,200000,1
3,47,170000,1
3,47,171250,1
3,47,113750,1
3,8,222200,2
3,8,136000,2
3,8,260000,2
3,8,136000,2
3,25,153600,1
3,25,100500,1
3,8,205000,1
3,8,184000,1
3,69,115000,1
3,69,95000,1
2,25,182500,1
2,25,121500,1
3,33,203100,1
3,33,114500,1
2,25,60000,1
2,25,45000,1
3,33,252000,1
3,33,129000,1
1,33,92700,1
1,33,61800,1
3,33,160000,1
3,33,130000,1
3,47,258000,1
3,47,190000,1
3,47,170000,1
3,47,135000,1
2,31,167500,1
2,31,106500,1
3,47,195000,1
3,47,160000,1
2,33,146000,1
2,33,75000,1
1,33,57000,2
0,33,286000,1
0,33,207000,1
3,25,100000,1
3,25,80000,1
3,33,223250,1
3,33,178600,1
0,53,132026.64,1
0,53,249300,1
2,74,230000,1
2,74,220000,1
3,47,297300,1
3,47,198200,1
2,89,210000,1
2,89,151800,1
3,47,200000,1
3,47,170000,1
3,47,132026.64,1
3,47,170730,1
3,33,128000,1
3,33,81500,1
1,17,20000,1
3,1,108000,1
3,1,60000,1
2,67,134000,1
2,67,124000,1
3,33,171250,1
3,33,113750,1
3,33,165000,1
3,33,132300,1
3,47,225000,1
3,47,175000,1
3,33,230000,1
3,33,124500,1
3,69,247500,1
3,69,172200,1
3,25,175000,1
3,25,145000,1
3,25,148700,1
3,25,125600,1
3,33,145000,1
3,33,115000,1
3,89,200000,1
3,89,150000,1
1,88,160000,1
1,88,120000,1
3,25,185000,1
3,25,120250,1
3,47,275300,1
3,47,183000,1
3,31,170000,1
3,31,125000,1
2,31,167500,1
2,31,106500,1
3,89,250000,1
3,89,200000,1
2,69,135000,2
3,3,132026.64,2
3,69,216000,1
3,69,184000,1
3,33,180000,1
3,33,165000,1
3,47,185900,1
3,47,129300,1
3,33,145000,1
3,33,120000,1
2,33,143865,1
2,33,115092,1
2,69,130000,1
2,69,90000,1
3,47,173000,1
3,47,132000,1
3,25,208049,1
3,25,128500,1
3,4,179820,1
3,4,143860,1
3,33,167500,1
3,33,106500,1
3,47,275300,1
3,47,183500,1
2,33,149600,1
2,33,102000,1
0,47,145000,1
0,47,100000,1
3,25,190000,1
3,25,95000,1
3,25,153600,1
3,25,106800,1
2,47,90000,1
2,47,75000,1
2,25,128000,1
2,25,85000,1
2,33,151000,1
2,33,140000,1
3,47,275300,1
3,47,183500,1
3,74,220000,1
3,74,170000,1
3,25,135000,1
3,25,105500,1
3,25,100000,1
3,25,80000,1
1,9,7000,0
1,7,40000,1
3,33,160000,1
3,33,145000,1
2,25,154000,1
2,25,143000,1
2,47,65000,1
2,47,42000,1
1,47,190000,1
1,47,120000,1
2,47,70000,1
2,47,42000,1
2,47,90000,1
2,47,60000,1
3,33,150000,1
3,33,111000,1
0,33,265000,1
0,33,235000,1
1,47,112000,2
2,47,70000,1
3,33,160000,1
3,33,130000,1
2,33,75000,1
2,33,60400,1
1,25,85000,1
1,25,75000,1
3,33,252000,1
3,33,129000,1
1,33,92700,1
1,33,61800,1
3,64,164000,2
2,47,56000,1
2,25,83500,1
2,25,52500,1
3,47,201036,1
3,47,134024,1
3,25,165000,1
3,25,140000,1
1,33,62000,1
1,33,58000,1
3,47,172000,1
3,47,115000,1
1,33,125000,1
1,33,90000,1
3,33,163800,1
3,33,126000,1
3,47,237000,1
3,47,145000,1
2,33,90000,1
2,33,90000,1
3,33,139500,1
3,33,109400,1
3,47,258000,1
3,47,190000,1
2,33,145000,1
2,33,120000,1
3,33,205600,2
3,33,105700,2
3,33,252000,1
3,33,129000,1
3,47,239748,1
3,47,159832,1
3,47,186300,1
3,47,102500,1
3,33,165000,1
3,33,132300,1
3,47,190000,1
3,47,126000,1
3,31,149040,1
3,31,113900,1
3,33,153600,1
3,33,106800,1
3,33,172600,1
3,33,107900,1
3,25,180180,1
3,25,106020,1
3,31,132026.64,1
3,31,213120,1
3,25,153600,1
3,25,100500,1
3,25,206500,1
3,25,121600,1
3,33,260000,1
3,33,225000,1
0,33,194500,1
0,33,115500,1
3,21,170000,2
3,7,90000,2
1,25,95000,1
1,25,70000,1
3,33,275000,1
3,33,160000,1
3,25,115934,1
3,25,81666,1
3,47,175000,1
3,47,120000,1
3,69,150000,1
3,69,120000,1
3,88,200000,1
3,88,175000,1
2,25,206000,1
2,25,130000,1
3,31,138000,1
3,31,92000,1
3,37,65000,1
3,37,48000,1
3,25,110000,1
3,25,75000,1
3,4,130000,1
3,4,87000,1
2,25,160000,1
2,25,112000,1
2,33,162500,1
2,33,130000,1
3,45,299500,1
3,45,245100,1
2,47,145000,1
2,47,100000,1
3,33,147100,1
3,33,90700,1
1,33,115100,1
1,33,73900,1
3,33,168400,1
3,33,105200,1
3,47,210000,1
3,47,160000,1
2,47,145000,1
2,47,100000,1
3,8,222200,2
3,8,136000,2
2,25,100000,1
2,25,85000,1
2,33,70000,1
2,33,47500,1
0,47,200000,1
0,47,145000,1
2,33,140000,1
2,33,95000,1
3,25,185000,1
3,25,120250,1
2,57,130000,2
3,47,205000,1
3,47,140000,1
3,47,297300,1
3,47,198200,1
3,89,141288,1
3,89,94192,1
3,34,184000,1
3,34,143000,1
3,25,70000,1
3,25,55000,1
3,4,275300,1
3,4,183500,1
2,25,75000,1
2,25,65000,1
2,66,160000,1
2,66,147000,1
3,31,149040,1
3,31,113900,1
2,90,100000,2
3,25,180180,1
3,25,106020,1
2,47,132026.64,2
1,2,70000,2
1,1,80000,1
2,62,132026.64,2
2,69,250000,1
2,69,150000,1
3,33,139500,1
3,33,109400,1
3,47,105000,1
3,47,70000,1
0,33,210914,1
0,33,116704,1
1,89,150000,1
1,89,100000,1
3,33,146000,1
3,33,75000,1
1,25,75000,1
1,25,60000,1
2,4,185700,1
2,4,165000,1
3,33,160000,1
3,33,130000,1
3,25,169000,1
3,25,110600,1
3,40,193000,1
3,40,136850,1
3,69,139500,1
3,69,109400,1
3,33,276000,1
3,33,178500,1
2,47,55000,1
2,47,45000,1
2,33,70000,1
2,33,45000,1
3,69,161000,1
3,69,83300,1
3,33,112700,1
3,33,83300,1
3,33,252000,1
3,33,129000,1
3,14,130000,2
2,44,150000,1
3,33,163800,1
3,33,126000,1
3,66,260000,1
3,66,110000,1
3,4,170000,1
3,4,130000,1
3,69,247500,1
3,69,172200,1
3,47,239748,1
3,47,159832,1
3,69,163800,1
3,69,126000,1
2,47,128750,1
2,47,106250,1
3,33,252000,1
3,33,129000,1
3,45,299500,1
3,45,245100,1
2,29,155000,1
2,29,140000,1
0,33,167500,1
0,33,106500,1
3,31,188500,1
3,31,117000,1
3,25,250000,1
3,25,138000,1
2,25,130000,1
2,25,100000,1
3,52,115000,2
3,33,140000,1
3,33,120000,1
3,11,160000,1
3,11,135000,1
2,45,104500,1
2,45,70000,1
2,42,90000,1
2,42,70000,1
3,33,153600,1
3,33,106800,1
1,33,125000,1
1,33,90000,1
2,89,185000,1
2,89,125000,1
3,25,127000,1
3,25,94000,1
3,47,210550,1
3,47,153300,1
2,47,200000,1
2,47,150000,1
3,25,161500,1
3,25,119500,1
3,25,175000,1
3,25,145000,1
3,47,175000,1
3,47,148750,1
3,30,105000,1
3,30,85000,1
3,89,215000,1
3,89,146300,1
1,1,200000,2
2,33,72000,1
2,33,60000,1
3,69,153400,1
3,69,122700,1
2,33,260000,1
2,33,175000,1
3,47,186300,1
3,47,123900,1
2,89,132026.64,1
2,89,150000,1
3,69,153400,1
3,69,122700,1
2,33,250000,1
2,33,175000,1
2,47,60000,1
3,25,185900,1
3,25,121700,1
3,25,153600,1
3,25,106800,1
3,90,50000,1
1,25,100000,2
3,69,247500,1
3,69,172200,1
0,33,132026.64,1
0,33,239000,1
3,25,125000,1
3,25,110000,1
1,25,150000,1
1,25,100000,1
3,47,149076,1
3,47,82365,1
2,33,146000,1
2,33,75000,1
3,69,139500,1
3,69,109400,1
3,33,139500,1
3,33,109400,1
2,33,149600,1
2,33,102000,1
2,25,80000,1
2,25,40000,1
3,33,252000,1
3,33,129000,1
3,25,95000,1
3,25,85500,1
3,25,185900,1
3,25,121700,1
1,89,150000,1
1,89,100000,1
2,33,145000,1
2,33,125000,1
2,47,150000,1
2,47,97750,1
3,47,201000,1
3,47,122000,1
3,33,252000,1
3,33,129000,1
3,25,120000,1
3,25,75000,1
2,47,116990,1
2,47,82920,1
3,47,185900,1
3,47,129300,1
2,74,200000,0
2,74,125000,0
3,47,201000,1
3,47,122000,1
3,69,204500,1
3,69,142200,1
3,37,155000,1
3,37,140000,1
2,70,205920,1
2,70,171600,1
3,33,121500,1
3,33,78000,1
2,33,154000,1
2,33,116000,1
3,47,190000,1
3,47,136000,1
2,25,65000,1
2,25,36050,1
3,25,180000,1
3,25,110000,1
3,47,275300,1
3,47,183000,1
3,33,170000,1
3,33,140000,1
3,33,154000,1
3,33,116000,1
3,33,160000,1
3,33,130000,1
2,33,200000,1
2,33,120000,1
3,47,175000,1
3,47,160000,1
2,33,105000,1
2,33,85000,1
3,33,153600,1
3,33,106800,1
1,25,85000,1
1,25,75000,1
3,47,225000,1
3,47,156400,1
3,4,150000,1
3,4,120000,1
3,69,163800,1
3,69,126000,1
3,25,145000,1
3,25,90000,1
3,69,204500,1
3,69,142200,1
3,25,95000,1
3,25,85500,1
3,33,167500,1
3,33,106500,1
3,33,163800,1
3,33,126000,1
2,29,155000,1
2,29,140000,1
3,89,250000,1
3,89,200000,1
3,47,260000,1
3,47,186000,1
3,33,160000,1
3,33,130000,1
3,89,200000,1
3,89,150000,1
3,47,45000,1
3,47,36000,1
3,47,150000,1
3,47,120000,1
1,25,30000,1
2,89,185000,1
2,89,125000,1
1,25,34320,0
2,17,48000,1
3,58,70000,2
0,45,106000,2
3,25,175000,1
3,25,130000,1
3,25,122000,1
3,25,93800,1
3,45,150000,1
3,45,90000,1
3,25,165000,1
3,25,112000,1
1,23,220000,1
3,12,67000,1
1,1,60000,1
3,69,204500,1
3,69,142200,1
3,25,132026.64,0
2,69,200000,1
2,69,175000,1
3,33,185900,1
3,33,129300,1
3,25,185900,1
3,25,121700,1
3,69,204500,1
3,69,142200,1
2,47,40000,2
3,42,132026.64,1
3,25,180180,1
3,25,106020,1
3,47,136000,1
3,47,104000,1
3,25,125000,1
3,25,110000,1
3,69,153400,1
3,69,122700,1
0,33,132026.64,1
0,33,239000,1
3,25,152380,1
3,25,121904,1
3,47,185900,1
3,47,129300,1
3,69,247500,1
3,69,172200,1
3,31,168400,1
3,31,105200,1
3,69,128280,1
3,69,106900,1
3,64,192000,2
2,33,140000,1
2,33,100000,1
3,88,100000,0
3,88,80000,0
3,69,275000,1
3,69,174000,1
3,33,139500,1
3,33,109400,1
3,69,139500,1
3,69,109400,1
3,25,170500,1
3,25,85000,1
3,37,60027,1
3,37,44737,1
0,59,131899,1
0,59,104891,1
3,33,80000,1
3,33,65000,1
3,33,124740,1
3,33,65488,1
3,41,72200,1
3,41,64980,1
3,33,153600,1
3,33,106800,1
3,25,179975,1
3,25,86466,1
3,33,120000,1
3,33,90000,1
2,61,42000,1
2,61,35000,1
3,47,149076,1
3,47,82365,1
3,25,169000,1
3,25,110600,1
3,45,175000,1
3,45,120000,1
3,25,230000,1
3,25,180000,1
3,25,153600,1
3,25,106800,1
3,37,140000,1
3,37,120000,1
3,70,205920,1
3,70,171600,1
3,25,165000,1
3,25,125000,1
3,33,265000,1
3,33,185000,1
2,6,130000,1
1,47,168000,1
2,3,36000,2
3,25,95000,1
3,25,85500,1
3,47,147100,1
3,47,90700,1
3,33,167580,1
3,33,87980,1
3,33,202000,1
3,33,135000,1
3,33,163800,1
3,33,126000,1
3,69,163800,1
3,69,126000,1
3,33,104000,1
3,33,65000,1
3,88,230000,1
3,88,148000,1
3,69,269000,1
3,69,158000,1
3,4,197000,1
3,4,106000,1
2,51,150000,1
2,51,100000,1
3,33,290000,1
3,33,210000,1
3,33,192000,1
3,33,172800,1
3,47,132026.64,1
3,47,200160,1
3,47,132026.64,1
3,47,200160,1
3,4,175000,1
3,4,140000,1
3,37,169000,1
3,37,100000,1
3,47,132026.64,1
3,47,245000,1
2,33,95000,2
3,25,110000,0
3,25,80000,0
1,25,55000,1
1,25,48000,1
3,25,95000,1
3,25,85000,1
3,33,137500,1
3,33,81500,1
3,69,132026.64,1
3,69,184700,1
2,3,30000,0
3,69,186000,1
3,69,153088,1
2,34,190000,1
2,34,160000,1
3,69,200000,1
3,69,150000,1
2,34,190000,1
2,34,183310,1
3,69,240000,1
3,69,180000,1
3,69,200000,1
3,69,150000,1
3,45,299500,1
3,45,245100,1
3,33,144000,1
3,33,66000,1
2,69,148500,1
2,69,126277,1
3,31,228000,1
3,31,120000,1
3,75,180000,1
3,75,90000,1
3,47,126500,1
3,47,78000,1
3,33,180000,1
3,33,160000,1
3,75,272000,1
3,75,170000,1
2,25,80000,1
2,25,60000,1
3,33,259000,1
3,33,146000,1
3,33,200000,1
3,33,160000,1
0,33,132026.64,1
0,33,239000,1
3,25,142000,1
3,25,95000,1
3,47,155000,1
3,47,139500,1
2,33,140000,1
2,33,120000,1
3,33,259000,1
3,33,146000,1
2,25,90000,1
2,25,60000,1
1,25,78000,2
1,47,101400,2
3,44,247500,1
3,44,172200,1
3,47,225000,1
3,47,156400,1
3,33,139500,1
3,33,109400,1
2,33,125000,1
2,33,90000,1
3,70,100000,1
3,70,70000,1
3,47,185900,1
3,47,129300,1
3,69,139500,1
3,69,109400,1
3,25,120000,1
3,25,75000,1
3,25,169000,1
3,25,110600,1
3,69,288000,1
3,69,140000,1
3,69,288000,1
3,69,140000,1
2,33,120000,1
2,33,90000,1
2,44,60000,1
2,44,50000,1
3,47,215050,1
3,47,156400,1
3,31,198000,1
3,31,114000,1
1,25,75000,1
1,25,60000,1
3,69,204500,1
3,69,142200,1
3,47,209300,1
3,47,182200,1
3,37,140000,1
3,37,120000,1
1,47,85000,1
2,69,40000,1
1,88,120000,1
1,88,60000,1
3,69,147100,1
3,69,90700,1
3,33,230000,1
3,33,170000,1
3,25,227000,1
3,25,108000,1
3,33,180000,1
3,33,160000,1
3,31,180000,1
3,31,160000,1
3,33,180000,1
3,33,130000,1
3,25,52000,1
3,25,48000,1
1,25,60000,2
1,25,50000,2
3,33,226700,1
3,33,133300,1
3,33,252000,1
3,33,129000,1
3,15,124999,2
1,47,132026.64,2
3,25,80000,1
3,25,52500,1
3,33,250000,1
3,33,162500,1
1,25,85000,1
1,25,75000,1
3,25,153600,1
3,25,106800,1
2,25,165000,1
2,25,124000,1
3,25,115934,1
3,25,81666,1
3,33,167580,1
3,33,87980,1
3,33,250000,1
3,33,63000,1
3,89,253750,1
3,89,169200,1
3,89,253750,1
3,89,169200,1
2,47,170000,1
2,47,120000,1
3,33,124740,1
3,33,65488,1
3,33,213580,1
3,33,163625,1
1,33,12000,2
3,75,132026.64,1
3,33,95000,1
2,86,132026.64,2
3,69,220000,1
3,69,170000,1
0,33,235000,1
0,33,210000,1
3,31,180000,1
3,31,115000,1
3,31,200000,1
3,31,115000,1
3,45,231250,1
3,45,138750,1
3,69,284310,1
3,69,153090,1
3,33,160000,1
3,33,75000,1
2,25,125000,1
2,25,105000,1
2,25,90000,1
2,25,70000,1
1,25,55000,1
1,25,48000,1
1,25,100000,1
3,44,225900,1
3,44,156400,1
3,33,250000,1
3,33,162500,1
3,69,132026.64,1
3,69,188800,1
3,25,132026.64,1
3,25,60000,1
2,25,110000,1
2,25,95000,1
3,47,145000,1
3,47,135000,1
3,25,180180,1
3,25,106020,1
3,25,93919,1
3,25,51962,1
3,33,241871,1
3,33,133832,1
3,47,170000,1
3,47,90000,1
0,33,210914,1
0,33,116704,1
3,25,192500,1
3,25,140000,1
3,47,149076,1
3,47,82365,1
2,69,36000,0
3,47,175000,1
3,47,148750,1
3,89,132026.64,1
3,89,200000,1
3,47,235000,1
3,47,185000,1
2,69,100000,1
2,69,80000,1
3,47,216100,1
3,47,140800,1
2,69,120000,1
2,69,100000,1
3,24,50000,2
1,47,110000,0
3,33,128000,1
3,33,81500,1
2,33,55000,1
2,33,52000,1
2,25,50000,1
2,25,45000,1
0,33,284000,1
0,33,236000,1
3,89,248100,1
3,89,145900,1
3,88,155850,1
3,88,102544,1
2,47,151410,1
2,47,115360,1
2,33,62000,1
2,33,55000,1
3,53,170000,1
3,10,100000,2
1,47,132026.64,2
3,47,250000,1
3,47,162500,1
3,47,185000,1
3,47,120250,1
1,33,25000,2
1,47,180000,1
2,89,85000,1
2,89,70000,1
3,14,135000,1
3,14,100000,1
0,29,155000,1
0,29,140000,1
3,69,204500,1
3,69,142200,1
3,33,226700,1
3,33,133300,1
3,47,225000,1
3,47,156400,1
3,33,163800,1
3,33,126000,1
3,69,163800,1
3,69,126000,1
3,66,220000,1
3,66,150000,1
3,33,145000,1
3,33,115000,1
3,29,204500,1
3,29,138900,1
2,33,162500,1
2,33,130000,1
3,33,150000,1
3,33,107000,1
0,33,175000,1
0,33,110000,1
3,33,226700,1
3,33,133300,1
3,33,252000,1
3,33,129000,1
3,69,150000,1
3,69,125000,1
3,33,252000,1
3,33,129000,1
3,47,225000,1
3,47,156400,1
2,89,23000,2
2,69,110000,2
3,33,265000,1
3,33,182750,1
2,25,130000,1
2,25,100000,1
3,25,153600,1
3,25,106800,1
3,33,137500,1
3,33,81500,1
0,59,132026.64,1
0,59,195800,1
3,8,205000,1
3,8,180000,1
3,47,165000,1
3,47,144000,1
1,14,160000,1
1,14,100000,1
0,33,200000,1
0,33,145000,1
2,25,150000,1
2,25,100000,1
3,37,199000,1
3,37,112000,1
3,47,105000,1
3,47,70000,1
1,16,130000,0
3,25,180180,1
3,25,106020,1
1,33,160000,1
1,33,135000,1
3,47,183000,1
3,47,134000,1
3,69,220000,1
3,69,150000,1
3,8,132026.64,2
3,8,262500,2
3,25,122000,1
3,25,94000,1
3,69,276000,1
3,69,184000,1
0,33,132026.64,1
0,33,239000,1
3,47,225000,1
3,47,156400,1
2,69,180000,1
2,69,150000,1
3,47,228000,1
3,47,152000,1
3,47,209450,1
3,47,158677,1
3,25,175000,1
3,25,145000,1
3,33,240000,1
3,33,170000,1
2,25,103200,1
2,25,61200,1
2,47,155000,2
1,78,90000,2
3,47,59000,2
3,47,237000,1
3,47,145000,1
3,47,240000,1
3,47,139000,1
3,31,174500,1
3,31,113000,1
3,25,130000,1
3,25,87000,1
3,25,160000,1
3,25,108000,1
3,33,165000,1
3,33,107250,1
3,33,132026.64,1
3,33,119000,1
3,47,285800,1
3,47,154600,1
2,59,132026.64,2
1,25,30000,0
2,45,220000,1
2,45,195000,1
3,37,168400,1
3,37,105200,1
2,25,206000,1
2,25,160000,1
3,4,200000,1
3,4,175000,1
3,4,231250,1
3,4,138750,1
3,33,153000,1
3,33,94000,1
3,33,240500,2
3,33,123700,2
3,33,160000,1
3,33,90000,1
1,47,124234,1
1,47,74540,1
2,25,109000,1
2,25,79000,1
3,69,80000,2
2,69,50000,0
3,47,275300,1
3,47,183500,1
3,47,275300,1
3,47,183500,1
3,25,160000,1
3,25,125600,1
3,33,170000,1
3,33,120000,1
3,33,225000,1
3,33,140000,1
3,25,141290,1
3,25,74178,1
3,47,150000,1
3,47,120000,1
3,33,85000,1
3,33,75000,1
3,33,220000,1
3,33,160000,1
3,33,205600,1
3,33,107500,1
2,33,120000,1
2,33,95000,1
3,33,185900,1
3,33,129300,1
3,33,160000,1
3,33,130000,1
1,47,132026.64,0
2,33,250000,1
2,33,175000,1
3,47,136000,1
3,47,104000,1
2,25,80000,1
2,25,52500,1
3,47,110000,1
3,47,84000,1
3,11,125000,1
3,11,110000,1
2,25,90000,1
2,25,80000,1
3,66,200000,1
3,66,135000,1
1,17,48000,2
1,1,120000,0
3,33,130000,1
3,33,75000,1
3,33,252000,1
3,33,129000,1
2,25,150000,1
2,25,100000,1
3,33,226700,1
3,33,133300,1
3,47,190000,1
3,47,165000,1
3,33,170000,1
3,33,150000,1
2,33,150000,1
2,33,130000,1
3,47,225000,1
3,47,156400,1
3,23,200000,0
2,5,80000,0
1,17,12000,2
1,1,6000,0
2,28,132026.64,1
3,47,257000,1
3,47,134000,1
3,47,72000,1
3,47,36000,1
3,33,205600,2
3,33,105700,2
3,14,140000,1
3,14,110000,1
3,45,299500,1
3,45,245100,1
3,89,210000,1
3,89,151800,1
2,47,50000,2
3,25,48000,1
3,25,38000,1
3,25,48000,1
3,25,38000,1
1,33,160000,1
1,33,135000,1
2,33,120000,1
2,33,95000,1
3,33,250000,1
3,33,63000,1
3,47,237000,1
3,47,145000,1
3,47,130000,1
3,47,90000,1
2,25,120000,1
2,25,100000,1
3,31,174500,1
3,31,113000,1
2,47,183310,1
2,47,183310,1
3,25,145000,1
3,25,102500,1
3,47,210000,1
3,47,185000,1
3,31,174500,1
3,31,113000,1
3,42,122000,1
3,42,94000,1
3,47,220000,1
3,47,146000,1
3,33,132026.64,1
3,33,130000,1
2,47,132026.64,2
2,23,132026.64,1
3,42,145000,1
3,42,128000,1
3,47,182000,1
3,47,140000,1
3,33,122000,1
3,33,94000,1
3,69,72000,1
3,69,36000,1
0,47,132026.64,1
0,47,200000,1
2,25,135000,1
2,25,105500,1
3,33,252000,1
3,33,129000,1
2,47,110000,2
3,47,136000,1
3,47,104000,1
3,47,168000,1
3,47,130000,1
2,25,65000,1
2,25,36050,1
2,33,120000,1
2,33,95000,1
3,47,153400,1
3,47,122700,1
3,47,185000,1
3,47,160000,1
3,47,205000,1
3,47,185000,1
3,69,204500,1
3,69,142200,1
2,69,145000,1
2,69,87000,1
1,47,50000,1
3,66,234100,1
3,66,203500,1
3,47,223800,1
3,47,172100,1
3,47,180000,1
3,47,150000,1
3,33,232200,1
3,33,167200,1
3,14,197000,1
3,14,106000,1
3,89,180000,1
3,89,145000,1
3,35,225000,1
3,35,200000,1
3,33,170000,1
3,33,114000,1
3,33,291500,1
3,33,180000,1
0,33,196200,1
0,33,150900,1
3,47,168400,1
3,47,105200,1
2,33,95000,1
2,33,80000,1
2,25,116000,1
2,25,72000,1
3,4,207000,1
3,4,167000,1
3,69,145000,1
3,69,135000,1
2,33,105000,1
2,33,70000,1
3,31,180000,1
3,31,115000,1
3,33,133800,1
3,33,96100,1
2,25,120000,1
2,25,80000,1
3,43,140000,1
3,43,100000,1
3,89,150000,1
3,89,120000,1
3,21,140000,1
3,21,115000,1
3,45,297300,1
3,45,198200,1
3,47,297300,1
3,47,198200,1
3,33,202000,1
3,33,135000,1
3,47,110000,1
3,47,84000,1
2,69,219000,2
3,8,230000,1
3,8,196000,1
3,14,140000,1
3,14,110000,1
2,25,150000,1
2,25,100000,1
3,33,160000,1
3,33,110000,1
3,47,185900,1
3,47,129300,1
3,8,126100,2
3,8,72000,2
3,33,170000,1
3,33,150000,1
2,69,175000,1
2,69,140000,1
3,25,240500,1
3,25,137500,1
2,47,187500,1
2,47,165000,1
2,72,60000,2
1,25,24000,2
3,89,210000,1
3,89,165750,1
3,74,225000,1
3,74,165750,1
2,69,89700,1
2,69,55250,1
3,47,135000,1
3,47,115000,1
3,79,275000,1
3,79,175000,1
3,47,170000,1
3,47,140000,1
3,33,175308,1
3,33,100706,1
3,79,235000,1
3,79,135000,1
3,33,132026.64,1
3,33,229000,1
3,66,289076,1
3,66,202353,1
3,33,65000,1
3,33,35000,1
2,88,120000,1
2,88,100000,1
3,33,226700,1
3,33,133300,1
3,25,125000,1
3,25,85000,1
3,25,130000,1
3,25,80000,1
2,33,120000,1
2,33,100000,1
3,47,132026.64,2
2,17,132026.64,2
3,33,231250,1
3,33,138750,1
3,33,199000,1
3,33,162000,1
1,33,160000,1
1,33,135000,1
1,47,100000,1
3,89,200000,1
3,89,150000,1
1,88,160000,1
1,88,120000,1
3,89,250000,1
3,89,200000,1
1,51,150000,1
1,51,120000,1
3,88,150000,1
3,88,100000,1
3,29,133000,2
3,47,272550,1
3,47,198200,1
3,47,182000,1
3,47,140000,1
3,33,200000,1
3,33,160000,1
3,69,204500,1
3,69,142200,1
2,47,120000,1
2,47,105000,1
3,33,187500,1
3,33,175000,1
3,69,204500,1
3,69,142200,1
3,25,155000,1
3,25,64000,1
3,23,235000,1
3,23,185000,1
3,31,174500,1
3,31,113000,1
3,47,143100,1
3,47,113000,1
3,8,184000,1
3,8,142000,1
3,47,140000,1
3,47,120000,1
3,31,174500,1
3,31,113000,1
3,47,180560,1
3,47,115440,1
3,47,140000,1
3,47,120000,1
3,89,248100,1
3,89,145900,1
3,47,120000,1
3,47,110000,1
3,33,291500,1
3,33,180000,1
2,69,62000,1
2,69,52000,1
3,33,161800,1
3,33,141600,1
2,69,48000,1
2,69,38000,1
3,33,166000,1
3,33,128000,1
3,31,170000,1
3,31,110000,1
3,33,160000,1
3,33,75000,1
3,33,236000,1
3,33,182000,1
2,25,132026.64,2
1,47,130000,1
2,25,150000,1
2,25,100000,1
3,69,261500,2
3,69,134500,2
2,47,132026.64,2
2,47,130000,1
2,47,90000,1
1,33,160000,1
1,33,135000,1
3,76,125000,2
3,33,175000,1
3,33,155000,1
3,33,153600,1
3,33,106800,1
3,47,150000,1
3,47,140000,1
3,42,122000,1
3,42,94500,1
3,33,170000,1
3,33,130000,1
3,42,145000,1
3,42,128000,1
3,33,145000,1
3,33,100000,1
3,33,175000,1
3,33,120000,1
3,33,145000,1
3,33,115000,1
3,7,150000,1
2,25,150000,1
2,25,100000,1
2,47,150000,1
2,47,127500,1
3,47,126500,1
3,47,51000,1
2,33,260000,1
2,33,175000,1
1,5,40000,1
1,2,40000,1
3,33,250000,1
3,33,63000,1
3,69,210000,1
3,69,160000,1
3,47,272550,1
3,47,198200,1
2,47,90000,1
2,47,50000,1
3,47,220000,1
3,47,146000,1
2,25,150000,1
2,25,100000,1
3,75,248400,1
3,75,183600,1
2,33,150000,1
2,33,150000,1
1,68,40000,1
3,64,132026.64,2
2,33,120000,1
2,33,95000,1
1,33,160000,1
1,33,135000,1
1,42,23000,1
3,33,216000,1
3,33,144000,1
1,33,85000,1
1,33,65000,1
3,25,149000,1
3,25,119000,1
3,47,140000,1
3,47,120000,1
2,47,150000,1
2,47,110000,1
3,69,246000,1
3,69,201000,1
3,47,190000,1
3,47,155000,1
3,66,235000,1
3,66,185000,1
3,21,190000,1
3,21,160000,1
1,86,100000,1
2,33,130000,1
2,33,115000,1
2,47,75000,1
2,47,55000,1
2,33,105000,1
2,33,70000,1
3,69,204500,1
3,69,142200,1
3,69,192000,1
3,69,164000,1
3,33,185900,1
3,33,129300,1
3,33,130000,1
3,33,75000,1
3,45,175000,1
3,45,120000,1
3,33,167500,1
3,33,106500,1
2,25,75000,1
2,25,60000,1
3,8,184000,1
3,8,142000,1
2,47,145000,1
2,47,100000,1
1,75,10000,0
2,47,132026.64,1
2,79,198000,0
3,33,175000,1
3,33,120000,1
3,33,175000,1
3,33,120000,1
0,33,200000,1
0,33,145000,1
2,33,75000,1
2,33,60000,1
3,33,145000,1
3,33,100000,1
3,8,192000,1
3,8,164000,1
0,33,132026.64,1
0,33,239000,1
3,25,120000,1
3,25,95000,1
3,69,145000,1
3,69,135000,1
3,33,100000,1
3,33,78000,1
3,33,70000,1
3,33,35000,1
2,33,160000,1
2,33,120000,1
3,47,190000,1
3,47,150000,1
2,33,132026.64,2
3,3,125000,2
3,33,120000,1
3,33,95000,1
2,25,150000,1
2,25,100000,1
3,47,45000,1
3,47,36000,1
3,25,115934,1
3,25,81666,1
3,47,175000,1
3,47,140000,1
3,33,120000,1
3,33,95000,1
3,88,249500,1
3,88,149850,1
2,4,122500,1
2,4,100000,1
3,47,249500,1
3,47,149850,1
1,25,55000,1
1,25,48000,1
3,89,249500,1
3,89,149850,1
2,23,56000,0
3,33,190000,1
3,33,120000,1
3,25,127000,1
3,25,104000,1
3,47,210000,1
3,47,150000,1
3,69,210000,1
3,69,150000,1
3,33,210000,1
3,33,130000,1
3,47,182750,1
3,47,161500,1
2,25,102640,1
2,25,66100,1
3,89,210000,1
3,89,150000,1
3,33,198800,1
3,33,122600,1
2,33,130000,1
2,33,80000,1
3,47,136000,1
3,47,104000,1
3,25,150000,1
3,25,100000,1
1,33,160000,1
1,33,135000,1
3,33,216000,1
3,33,144000,1
0,47,159000,1
0,47,130000,1
3,25,115934,1
3,25,81666,1
3,33,215000,1
3,33,150000,1
3,69,246000,1
3,69,201000,1
2,33,187000,1
2,33,153000,1
3,69,255000,1
3,69,185000,1
2,25,132026.64,1
2,25,45000,1
3,25,48000,1
3,25,38000,1
3,25,169000,1
3,25,110600,1
1,12,58000,2
3,14,140000,1
3,14,120000,1
2,25,75000,1
2,25,60000,1
3,0,10000,0
1,25,50000,2
2,67,134000,1
2,67,124000,1
3,25,166700,1
3,25,119000,1
1,47,124234,1
1,47,74540,1
2,25,100000,1
2,25,65000,1
2,25,132026.64,2
1,3,200000,2
1,69,12000,2
3,33,220000,1
3,33,146000,1
3,33,65000,1
3,33,35000,1
3,49,110000,1
3,49,70000,1
1,25,50000,2
3,33,120000,1
3,33,95000,1
2,25,150000,1
2,25,100000,1
3,47,45000,1
3,47,36000,1
3,31,190000,1
3,31,135000,1
3,47,128000,1
3,47,81500,1
3,47,173000,1
3,47,110000,1
3,69,192000,1
3,69,120000,1
3,25,115934,1
3,25,81666,1
3,25,120000,1
3,25,95000,1
3,85,190000,2
3,33,194000,1
3,33,129400,1
3,25,201000,1
3,25,89200,1
3,47,165000,1
3,47,125000,1
3,8,230000,1
3,8,196000,1
2,69,130000,1
2,69,90000,1
2,73,150000,1
2,73,100000,1
2,69,230000,1
2,69,150000,1
3,33,153600,1
3,33,106800,1
2,73,130000,1
2,73,100000,1
3,33,216000,1
3,33,144000,1
2,47,180000,1
2,47,120000,1
1,33,160000,1
1,33,135000,1
3,25,192500,1
3,25,140000,1
3,33,152500,1
3,33,130000,1
3,25,65000,1
3,25,55000,1
3,33,178750,1
3,33,160000,1
2,47,60000,1
2,47,50000,1
2,74,165000,1
2,74,135000,1
3,4,170000,1
3,4,125000,1
3,33,105000,1
3,33,70000,1
3,47,130000,1
3,47,95000,1
3,47,203500,1
3,47,152000,1
3,33,197430,1
3,33,134760,1
2,47,120000,1
3,33,197000,1
3,33,99000,1
3,33,220000,1
3,33,162000,1
2,33,105120,1
2,33,75360,1
2,42,57000,1
2,42,42000,1
3,31,149040,1
3,31,113900,1
2,17,95000,1
3,25,115000,0
3,25,171000,2
1,27,13000,0
3,33,100000,1
3,33,78000,1
3,33,120000,1
3,33,95000,1
3,49,110000,1
3,49,70000,1
1,26,50000,0
3,47,185900,1
3,47,129300,1
2,25,150000,1
2,25,100000,1
3,33,230000,1
3,33,154600,1
3,69,204500,1
3,69,142200,1
2,33,160000,1
2,33,75000,1
3,47,45000,1
3,47,36000,1
3,33,213000,1
3,33,152000,1
3,47,140000,1
3,47,120000,1
3,47,110000,1
3,47,70000,1
3,75,227200,1
3,75,168000,1
1,0,20000,1
2,47,61000,1
2,47,58000,1
3,66,243000,1
3,66,183000,1
3,33,175000,1
3,33,150000,1
2,47,130000,1
2,47,90000,1
2,25,165000,1
2,25,124000,1
3,33,178000,1
3,33,132000,1
3,33,132026.64,1
3,33,130000,1
3,25,169000,1
3,25,110600,1
3,25,116000,1
3,25,96000,1
3,25,75000,1
3,25,57000,1
3,25,105000,1
3,25,70000,1
2,73,137000,2
3,33,194000,1
3,33,129400,1
3,31,190000,1
3,31,135000,1
3,25,100000,1
3,25,70000,1
1,69,189750,1
1,69,140250,1
3,25,130000,1
3,25,100000,1
2,25,160000,1
2,25,109000,1
3,88,250000,1
3,88,150000,1
2,25,206000,1
2,25,160000,1
3,33,135000,1
3,33,120000,1
3,69,110000,1
3,69,70000,1
1,33,160000,1
1,33,135000,1
2,25,150000,1
2,25,100000,1
2,33,120000,1
2,33,95000,1
3,33,65000,1
3,33,40000,1
3,33,191200,1
3,33,130000,1
3,33,191200,1
3,33,130000,1
1,72,63000,2
1,0,50000,0
3,33,230000,2
3,33,154600,2
3,33,120000,1
3,33,95000,1
3,47,140000,1
3,47,120000,1
3,25,169000,1
3,25,110600,1
2,25,80000,2
3,33,185900,1
3,33,129300,1
3,4,135000,1
3,4,110000,1
2,29,155000,1
2,29,140000,1
3,33,205000,1
3,33,150000,1
3,33,179500,1
3,33,134000,1
2,47,180000,1
2,47,120000,1
3,47,185900,1
3,47,129300,1
3,47,175000,1
3,47,145000,1
3,31,235000,1
3,31,175000,1
1,42,26000,2
2,33,160000,1
2,33,90000,1
3,33,65000,1
3,33,35000,1
3,33,145000,1
3,33,115000,1
2,49,165000,1
2,49,135000,1
3,33,168400,1
3,33,105200,1
2,51,70000,1
2,51,40000,1
3,33,200000,1
3,33,160000,1
3,47,45000,1
3,47,36000,1
3,47,198800,1
3,47,122600,1
1,69,100000,1
2,12,100000,1
3,25,130000,1
3,25,100000,1
2,4,85000,1
2,4,60000,1
3,33,125000,1
3,33,110000,1
2,25,165000,1
2,25,124000,1
3,47,148000,1
3,47,107000,1
2,25,150000,1
2,25,100000,1
1,33,160000,1
1,33,135000,1
2,33,120000,1
2,33,95000,1
3,33,153600,1
3,33,106800,1
2,25,100000,1
2,25,65000,1
2,33,120000,1
2,33,95000,1
3,33,60000,1
3,33,35000,1
0,33,132026.64,1
0,33,239000,1
3,45,299500,1
3,45,245100,1
3,47,168000,1
3,47,130000,1
3,47,136000,1
3,47,104000,1
2,33,161000,1
2,33,118000,1
3,8,205000,1
3,8,184000,1
3,47,185900,1
3,47,129300,1
3,45,247500,1
3,45,172200,1
3,36,65000,2
3,25,177000,1
3,25,131000,1
3,8,205000,1
3,8,184000,1
3,33,146000,1
3,33,102000,1
3,25,169000,1
3,25,110600,1
3,8,230000,1
3,8,196000,1
3,33,135000,1
3,33,100000,1
2,33,80000,1
2,33,65000,1
3,33,135000,1
3,33,100000,1
3,33,50000,1
3,33,35000,1
2,33,175000,1
2,33,135000,1
1,47,80000,1
3,33,231250,1
3,33,138750,1
3,4,193750,1
3,4,116250,1
3,33,231250,1
3,33,138750,1
3,4,231250,1
3,4,138750,1
3,4,231250,1
3,4,138750,1
3,33,193750,1
3,33,116250,1
3,47,208000,1
3,47,127000,1
3,89,132026.64,1
3,89,196000,1
3,69,204500,1
3,69,142200,1
2,9,45555,1
3,33,185900,1
3,33,129300,1
3,47,45000,1
3,47,36000,1
3,69,204500,1
3,69,142200,1
3,47,205000,1
3,47,185000,1
3,47,185900,1
3,47,129300,1
3,69,247500,1
3,69,172200,1
1,33,160000,1
1,33,135000,1
2,25,150000,1
2,25,100000,1
3,25,110000,1
3,25,95000,1
3,47,185900,1
3,47,129300,1
3,8,205000,1
3,8,184000,1
1,47,132026.64,1
3,46,132026.64,2
3,33,191200,1
3,33,130000,1
3,47,225000,1
3,47,156400,1
3,25,169000,1
3,25,110600,1
3,69,204500,1
3,69,142200,1
2,69,85000,1
2,69,65000,1
3,47,185900,1
3,47,129300,1
3,47,140700,1
3,47,93800,1
3,47,132026.64,1
3,47,135000,1
3,25,115934,1
3,25,81666,1
1,11,12000,2
2,69,100000,2
1,68,33000,0
1,74,33000,0
3,69,201000,1
3,69,119000,1
3,33,175000,1
3,33,150000,1
3,25,154560,1
3,25,123648,1
3,25,130000,1
3,25,100000,1
2,33,170000,1
2,33,145000,1
3,33,135000,1
3,33,100000,1
3,47,247500,1
3,47,172200,1
3,47,177500,1
3,47,134000,1
3,47,185900,1
3,47,129300,1
3,31,192564,1
3,31,144854,1
3,25,130000,1
3,25,105000,1
3,33,179305,1
3,33,142127,1
3,33,132026.64,1
3,33,225000,1
3,47,243900,1
3,47,156600,1
2,25,206000,1
2,25,160000,1
2,25,109000,1
2,25,79000,1
2,25,160000,1
2,25,109000,1
2,48,85000,2
3,33,182500,1
3,33,128500,1
2,33,160000,1
2,33,90000,1
1,37,77300,1
1,37,45600,1
3,25,127000,1
3,25,110000,1
3,31,210000,1
3,31,136000,1
3,20,12000,0
3,33,170000,1
3,33,140000,1
3,33,247500,1
3,33,172200,1
3,33,225000,1
3,33,184100,1
2,69,130000,1
2,69,90000,1
2,47,120000,1
2,47,100000,1
2,47,85000,1
2,47,78000,1
3,33,161000,1
3,33,110000,1
3,47,136000,1
3,47,104000,1
3,47,45000,1
3,47,36000,1
0,58,205000,1
0,58,160000,1
3,25,169000,1
3,25,110600,1
1,33,50000,1
1,33,40000,1
3,33,160000,1
3,33,130000,1
3,47,245000,1
3,47,180000,1
3,33,135000,1
3,33,100000,1
3,33,220000,1
3,33,150000,1
3,47,198440,2
3,47,144000,2
3,33,240000,1
3,33,170000,1
3,47,198440,1
3,47,144000,1
2,25,150000,1
2,25,100000,1
3,25,120000,1
3,25,95000,1
2,47,47000,1
1,25,64000,2
1,47,38000,2
3,69,187200,1
3,69,116100,1
3,25,150000,1
3,25,127000,1
3,33,275000,1
3,33,166000,1
3,47,159699,1
3,47,138938,1
1,11,76000,2
3,25,166700,1
3,25,119000,1
3,25,130000,1
3,25,100000,1
3,4,84000,1
3,4,75000,1
3,25,80000,1
3,25,52500,1
3,33,236000,1
3,33,182000,1
3,47,180000,1
3,47,140000,1
3,47,225000,1
3,47,156400,1
3,25,135000,1
3,25,100000,1
3,69,204500,1
3,69,142200,1
2,88,240000,1
1,25,125404,0
3,33,132026.64,1
3,33,130000,1
3,33,195000,1
3,33,175000,1
3,33,155000,1
3,33,110000,1
3,39,123000,1
3,39,92250,1
3,33,170000,1
3,33,150000,1
2,66,180000,1
2,66,100000,1
3,33,97000,1
3,33,90000,1
3,33,200000,1
3,33,160000,1
3,69,210000,1
3,69,180000,1
3,33,260000,1
3,33,180000,1
0,4,210000,1
0,4,157000,1
1,47,180000,1
1,47,100000,1
2,25,80000,1
2,25,52500,1
3,31,128000,1
3,31,81500,1
3,40,105000,1
3,40,70000,1
3,47,175000,1
3,47,122500,1
3,33,171000,1
3,33,117000,1
3,47,202800,2
3,47,104300,2
3,25,48000,1
3,25,35000,1
3,33,197000,1
3,33,99000,1
3,33,160000,1
3,33,110000,1
3,47,185900,1
3,47,129300,1
2,47,30000,2
2,4,78000,1
2,4,48000,1
3,33,170000,1
3,33,130000,1
3,25,150000,1
3,25,95000,1
2,33,78000,1
2,33,42000,1
3,31,132026.64,1
3,31,230400,1
3,33,145000,1
3,33,115000,1
2,11,78000,1
2,11,48000,1
3,25,175950,1
3,25,130050,1
3,33,205600,2
3,33,105700,2
3,25,236600,1
3,25,89200,1
2,47,84000,1
2,47,54000,1
1,47,80000,2
3,77,200000,0
1,47,96000,2
3,44,165000,0
1,47,27000,2
3,33,185900,1
3,33,129300,1
3,25,169000,1
3,25,110600,1
1,80,132026.64,2
2,33,100000,2
3,33,225000,1
3,33,184100,1
3,47,185900,1
3,47,129300,1
3,47,225000,1
3,47,156400,1
3,47,185900,1
3,47,129300,1
1,69,108000,0
3,87,8000,2
3,47,155000,1
3,47,38000,1
2,25,85000,1
2,25,65000,1
3,47,155000,1
3,47,38000,1
2,33,90000,1
2,33,75000,1
3,47,153600,1
3,47,106800,1
3,47,185000,1
3,47,50000,1
3,33,185900,1
3,33,129300,1
3,47,155000,1
3,47,38000,1
3,47,168000,1
3,47,130000,1
3,47,123400,1
3,47,88100,1
3,47,120000,0
3,47,55000,0
3,47,185900,1
3,47,129300,1
3,33,191200,1
3,33,130000,1
3,25,169000,1
3,25,110600,1
3,4,150000,1
3,4,120000,1
3,42,139000,1
3,42,122000,1
3,47,185900,1
3,47,129300,1
3,25,139600,1
3,25,85700,1
3,33,185000,1
3,33,50000,1
3,33,185900,1
3,33,129300,1
3,47,225000,1
3,47,156400,1
3,47,200000,1
3,47,175000,1
3,33,185900,1
3,33,129300,1
2,66,148500,2
2,66,98200,2
3,25,115000,1
3,25,95000,1
3,31,225000,1
3,31,66000,1
3,47,185000,1
3,47,50000,1
3,47,45000,1
3,47,36000,1
2,37,134000,1
2,37,98000,1
2,25,105000,1
2,25,62000,1
1,12,57000,2
3,16,210000,1
2,47,144200,1
2,47,115360,1
2,47,120000,2
3,82,132026.64,2
3,33,70000,1
3,33,40000,1
3,33,170000,1
3,33,150000,1
3,31,180000,1
3,31,160000,1
2,47,108000,2
3,71,200000,1
3,71,150000,1
0,37,164000,2
3,33,188700,1
3,33,160395,1
3,25,115934,1
3,25,81666,1
3,33,132026.64,1
3,33,225000,1
3,47,198440,1
3,47,144000,1
3,8,191475,1
3,8,141525,1
3,25,48000,1
3,25,35000,1
2,47,72000,0
3,64,156868,2
3,11,200000,0
3,47,198440,2
3,47,144000,2
3,65,66000,2
2,79,120000,1
3,25,90000,1
2,89,120000,0
2,89,80000,0
3,33,200000,1
3,33,180000,1
2,4,108000,1
2,4,85000,1
3,69,210000,1
3,69,180000,1
3,33,165000,1
3,33,132000,1
3,4,130000,1
3,4,110000,1
2,12,65000,2
1,25,56000,2
2,27,135000,2
3,33,178800,2
3,33,132100,2
1,25,20000,1
3,69,140000,1
3,69,110000,1
3,33,160000,1
3,33,85000,1
3,54,250000,1
3,54,63000,1
0,33,187200,1
0,33,116100,1
2,47,10000,1
3,33,200000,1
3,33,145000,1
3,33,229998,2
3,33,154545,2
3,47,215000,2
3,47,159000,2
3,33,229998,2
3,33,154545,2
1,3,50000,1
3,48,183000,2
3,25,99750,1
3,25,68400,1
3,47,236900,2
3,47,159200,2
3,45,243225,1
3,45,179775,1
3,33,175000,1
3,33,150000,1
3,69,210000,1
3,69,180000,1
3,47,148000,1
3,47,128000,1
3,31,190000,1
3,31,135000,1
3,4,130000,1
3,4,110000,1
3,47,191475,1
3,47,141525,1
3,33,160000,1
3,33,85000,1
3,47,218000,1
3,47,145300,1
3,66,195400,2
3,66,131300,2
1,49,105000,2
3,47,191475,1
3,47,141525,1
3,47,207000,1
3,47,153000,1
3,47,191475,1
3,47,141525,1
3,25,110000,1
3,25,99000,1
3,47,191475,1
3,47,141525,1
3,47,191475,1
3,47,141525,1
3,47,191475,1
3,47,141525,1
3,69,200000,1
3,69,135000,1
3,47,207000,1
3,47,153000,1
3,47,191475,1
3,47,141525,1
3,47,191475,1
3,47,141525,1
3,47,191475,1
3,47,141525,1
3,33,195700,1
3,33,130500,1
3,66,130000,1
3,66,84000,1
2,40,100000,1
2,40,60000,1
2,33,65000,1
2,33,55000,1
3,33,141300,1
3,33,102100,1
3,25,48000,1
3,25,35000,1
2,17,150000,2
2,47,83000,1
1,47,132026.64,1
3,25,144000,1
3,25,113000,1
1,3,30000,1
3,31,195400,2
3,31,131300,2
3,69,195400,2
3,69,131300,2
3,31,195400,2
3,31,131300,2
3,31,190000,1
3,31,135000,1
3,33,135000,1
3,33,80000,1
1,12,132026.64,1
3,33,160000,1
3,33,85000,1
3,33,178800,2
3,33,132100,2
2,79,60000,0
3,69,60000,0
1,17,50000,2
3,33,140000,1
3,33,105000,1
2,33,65000,1
2,33,55000,1
3,4,190000,1
3,4,140000,1
2,40,100000,1
2,40,60000,1
3,47,180000,2
3,47,165000,2
3,7,108000,2
1,72,20000,1
3,31,190000,1
3,31,135000,1
3,47,179400,1
3,47,154000,1
3,74,193900,1
3,74,129300,1
0,45,222640,1
0,45,182160,1
2,33,150000,1
2,33,100000,1
3,4,122500,1
3,4,100000,1
0,33,297500,1
0,33,260000,1
1,68,15000,2
3,33,193000,1
1,47,93000,1
1,47,73000,1
2,40,100000,1
2,40,60000,1
1,25,40300,2
3,47,136994,1
3,47,101570,1
3,54,250000,1
3,54,63000,1
2,37,134000,1
2,37,98000,1
3,47,191475,1
3,47,141525,1
3,53,55000,2
2,25,136000,1
2,25,112000,1
3,47,172000,1
3,47,140000,1
3,33,215000,1
3,33,164000,1
3,33,132026.64,1
3,33,130000,1
3,33,250000,1
3,33,63000,1
3,33,180000,1
3,33,150000,1
1,33,33000,2
3,33,250000,1
3,33,63000,1
3,47,191475,1
3,47,141525,1
2,25,97500,2
3,8,212800,1
3,8,142800,1
2,47,70000,2
1,47,50000,1
1,25,132026.64,2
3,47,151800,1
3,47,130240,1
3,4,165000,1
3,4,140250,1
3,33,135000,1
3,33,115000,1
3,47,179400,1
3,47,154000,1
3,47,191475,1
3,47,141525,1
3,47,191475,1
3,47,141525,1
3,47,191475,1
3,47,141525,1
2,57,75000,1
2,33,80000,1
2,33,70000,1
2,33,80000,1
2,33,70000,1
2,33,80000,1
2,33,70000,1
3,47,191475,1
3,47,141525,1
3,47,191475,1
3,47,141525,1
3,4,83376,1
3,4,65004,1
3,47,191475,1
3,47,141525,1
3,33,84958,1
3,33,66822,1
3,47,191475,1
3,47,141525,1
3,47,191475,1
3,47,141525,1
3,25,115000,2
1,47,30000,1
3,39,81000,1
3,39,66000,1
1,25,46000,2
1,33,80000,2
0,74,200000,0
0,74,180000,0
0,3,200000,0
3,47,204100,1
3,47,136100,1
3,4,250000,1
3,4,63000,1
2,47,96000,1
2,47,90000,1
1,24,120000,2
3,47,191475,1
3,47,141525,1
3,47,191475,1
3,47,141525,1
3,47,191475,1
3,47,141525,1
3,49,95000,1
3,49,70000,1
2,7,75000,1
2,4,7500,1
2,25,113000,2
3,47,170000,1
3,47,130000,1
2,26,113000,2
2,86,140000,1
3,25,50000,0
2,12,77000,1
3,47,175000,1
3,47,140000,1
3,64,28500,0
3,4,250000,1
3,4,63000,1
3,47,160000,2
3,47,119300,2
2,89,145000,2
3,33,105000,1
3,33,90000,1
3,54,146200,1
3,54,124270,1
2,47,225000,1
2,47,160000,1
2,47,52000,0
3,33,185800,1
3,33,137400,1
3,4,245000,1
3,4,180000,1
3,4,203500,1
3,4,152000,1
3,33,250000,1
3,33,63000,1
3,70,186000,1
3,70,148800,1
3,65,132026.64,2
2,69,104000,2
1,47,82000,2
1,47,110000,1
2,7,173000,1
3,47,203500,1
3,47,152000,1
3,69,186000,1
3,69,148800,1
1,12,32400,2
2,45,158000,1
2,45,134000,1
3,47,170000,1
3,47,120000,1
0,4,200000,1
0,4,150000,1
3,25,216200,1
3,25,144100,1
2,47,110000,1
2,47,85000,1
3,54,250000,1
3,54,63000,1
3,33,135000,1
3,33,85000,1
3,69,135000,1
3,69,85000,1
3,45,206000,1
3,45,175100,1
3,69,189650,1
3,69,164996,1
3,31,149040,1
3,31,113900,1
3,33,154000,1
3,33,126000,1
3,69,200000,2
3,69,150000,2
3,33,195700,1
3,33,130500,1
3,4,170000,1
3,4,135000,1
2,33,80000,1
2,33,60000,1
3,25,117000,1
3,25,99450,1
3,33,200000,1
3,33,135000,1
3,69,193900,1
3,69,129300,1
1,69,45000,0
3,25,70000,1
3,25,50000,1
3,25,175000,1
3,25,130000,1
3,33,188100,1
3,33,139860,1
3,69,248700,1
3,69,167100,1
2,25,132026.64,0
3,47,123400,1
3,47,88100,1
2,12,48000,0
3,47,245000,1
3,47,205000,1
3,33,141300,1
3,33,102100,1
3,31,141300,1
3,31,102100,1
1,25,50000,2
1,47,80000,2
2,64,50000,0
3,31,250000,1
3,31,63000,1
3,45,189500,2
3,45,140100,2
3,33,177600,2
3,33,131300,2
2,33,24000,1
2,33,24000,1
3,33,250000,1
3,33,63000,1
3,69,202900,2
3,69,131300,2
3,33,145000,1
3,33,115000,1
1,69,115000,2
2,69,193900,1
2,69,129300,1
3,47,180000,2
3,47,140000,2
2,25,216200,1
2,25,144100,1
3,74,216000,1
3,74,144000,1
1,25,150000,2
1,72,132026.64,1
2,47,132026.64,2
1,5,50000,1
3,19,250000,2
0,89,80000,2
2,47,107000,1
3,4,48000,0
0,45,260500,1
0,45,175100,1
3,33,210000,1
3,33,100000,1
1,25,55000,0
2,25,130000,1
3,7,73400,2
1,47,49500,0
2,7,132026.64,0
3,33,206699,1
3,33,99100,1
2,4,200000,1
2,4,54000,1
3,33,250000,1
3,33,63000,1
3,31,250000,1
3,31,63000,1
3,33,250000,1
3,33,63000,1
1,4,130000,2
3,33,100000,2
3,33,80000,2
3,47,160000,2
3,47,100000,2
3,49,221300,2
3,49,148700,2
1,69,30000,2
1,25,27000,1
2,33,74000,1
2,33,50000,1
2,47,58000,0
3,45,249260,1
3,45,185400,1
3,33,170000,1
3,33,130000,1
2,47,65000,1
3,25,128875,1
3,25,93700,1
3,69,180000,1
3,69,100000,1
3,25,136260,1
3,25,109280,1
3,47,160000,2
3,47,92000,2
3,33,200000,1
3,33,160000,1
2,33,110000,1
2,33,85000,1
3,25,117000,1
3,25,99450,1
1,33,129000,2
1,33,86000,2
1,33,132026.64,2
1,33,132026.64,2
3,47,160000,2
3,47,119300,2
3,17,100000,2
2,47,25000,1
2,25,90000,1
2,3,200000,1
1,68,180000,2
2,47,153000,2
3,33,210000,1
3,33,100000,1
3,25,150075,1
3,25,110925,1
2,74,22800,1
3,47,160000,2
3,47,92000,2
3,69,202900,2
3,69,131300,2
1,25,20000,1
1,25,15000,2
3,33,175000,1
3,33,135000,1
3,45,193000,2
1,69,83000,2
2,33,75000,1
2,33,55000,1
3,47,186000,1
3,47,148800,1
3,25,112900,1
3,25,90320,1
3,66,240000,1
3,66,160000,1
3,45,132026.64,1
3,45,200000,1
2,33,62500,0
2,3,200000,2
2,69,95000,1
2,69,75000,1
2,3,120000,1
3,25,112900,1
3,25,90320,1
3,29,145000,1
3,29,105400,1
1,47,43200,0
2,33,90000,1
2,33,75000,1
3,47,215300,2
3,47,158200,2
3,33,209100,2
3,33,154600,2
3,25,115934,1
3,25,81666,1
3,33,175000,1
3,33,155000,1
2,69,80000,1
3,25,164000,1
3,25,132000,1
3,47,170000,1
3,47,123000,1
3,69,189650,1
3,69,164996,1
2,54,50000,1
2,54,50000,1
0,63,150000,0
3,33,165400,1
3,33,132320,1
3,31,208775,1
3,31,147800,1
3,33,136994,1
3,33,101570,1
3,25,128875,1
3,25,93700,1
0,60,132026.64,2
1,69,28500,2
3,33,183600,2
3,33,100800,2
2,25,40000,1
2,25,30000,1
2,25,40000,1
2,25,30000,1
2,33,80000,1
2,33,70000,1
2,33,80000,1
2,33,70000,1
2,33,80000,1
2,33,70000,1
3,69,189650,1
3,69,164996,1
2,25,40000,1
2,25,30000,1
2,33,75000,1
2,33,60000,1
3,47,215300,2
3,47,140400,2
2,33,60000,1
2,33,45000,1
3,47,260000,1
3,47,180000,1
2,47,55000,1
2,47,35000,1
2,33,60000,1
2,33,45000,1
2,33,60000,1
2,33,45000,1
2,69,43200,2
3,43,60000,2
2,33,82900,1
2,33,63900,1
2,74,160000,2
2,74,112300,2
2,45,241000,1
2,45,159000,1
3,47,180000,1
3,47,80000,1
2,25,58000,0
2,25,58000,0
3,33,136000,1
3,33,108800,1
0,33,242000,1
0,33,200000,1
2,47,50000,1
2,47,30000,1
2,33,60000,1
2,33,40000,1
3,47,165220,1
3,47,120160,1
3,25,124190,1
3,25,90320,1
3,33,181940,1
3,33,132320,1
3,33,220110,1
3,33,160080,1
3,47,180000,2
3,47,120000,2
2,25,126500,1
2,25,106260,1
3,25,116000,1
3,25,99000,1
3,25,155000,1
3,25,120600,1
2,47,130000,1
2,47,90000,1
2,33,170000,1
2,33,150000,1
3,25,102100,1
3,25,84900,1
3,47,136620,1
3,47,99360,1
3,47,90000,1
3,47,80000,1
3,47,146000,1
3,47,123000,1
1,33,40000,1
1,33,35000,1
0,25,130000,1
0,25,110000,1
3,25,170000,1
3,25,135000,1
3,45,161342,1
3,45,137141,1
3,47,167000,1
3,47,123000,1
3,33,60000,1
3,33,50000,1
3,47,211500,1
3,47,138600,1
3,31,192400,1
3,31,90700,1
3,25,130000,1
3,25,61300,1
3,25,130000,1
3,25,61300,1
3,33,160000,2
3,33,113000,2
3,47,150000,1
3,47,95550,1
2,25,167000,1
2,25,115500,1
3,25,112900,1
3,25,90320,1
3,25,112900,1
3,25,90320,1
3,33,165400,1
3,33,132320,1
3,33,243900,1
3,33,156600,1
3,25,136600,1
3,25,109280,1
3,33,128875,1
3,33,93700,1
0,59,224000,1
0,59,167875,1
0,4,175000,1
0,4,135000,1
3,33,209100,2
3,33,154600,2
3,33,180000,1
3,33,160000,1
3,47,205300,2
3,47,140400,2
3,47,176000,1
3,47,144000,1
3,33,200100,1
3,33,160000,1
3,33,70500,1
3,33,54000,1
3,47,205300,1
3,47,140400,1
3,4,205300,1
3,4,184700,1
3,33,175100,1
3,33,140250,1
3,25,116150,1
3,25,99050,1
3,33,145000,1
3,33,130000,1
3,25,112900,1
3,25,90320,1
2,25,85000,1
2,25,75000,1
3,69,214000,1
3,69,192600,1
3,31,266400,1
3,31,213120,1
3,33,155000,1
3,33,115000,1
2,47,141300,1
2,47,102100,1
3,25,115934,1
3,25,81666,1
2,33,206699,1
2,33,99100,1
3,33,130000,1
3,33,110500,1
2,25,50000,1
2,25,35000,1
3,25,80000,1
3,25,60000,1
3,31,192564,1
3,31,144854,1
3,47,230000,1
3,47,150000,1
3,29,150260,1
3,29,109280,1
3,25,170000,1
3,25,150000,1
2,47,160000,1
2,47,130000,1
1,25,67000,1
1,25,52000,1
3,33,154000,1
3,33,126000,1
3,25,129000,1
3,25,99000,1
3,47,210000,1
3,47,140000,1
3,47,210000,1
3,47,140000,1
3,47,210000,1
3,47,140000,1
3,25,100000,1
3,25,69000,1
3,47,210000,1
3,47,140000,1
3,25,150075,1
3,25,110925,1
3,33,100000,1
3,33,25000,1
3,25,126500,1
3,25,106260,1
3,33,220110,1
3,33,160080,1
3,25,105000,1
3,25,100000,1
3,25,170000,1
3,25,135000,1
3,47,230000,1
3,47,140000,1
2,25,135000,1
2,25,50000,1
3,47,220000,1
3,47,140000,1
2,47,140000,1
2,47,70000,1
3,69,220000,1
3,69,120000,1
2,47,200000,1
2,47,120000,1
3,69,120000,0
3,69,65000,0
0,33,132026.64,1
0,33,216000,1
3,33,210000,1
3,33,100000,1
3,47,185100,1
3,47,104890,1
3,33,105000,1
3,33,80000,1
2,68,100000,1
3,71,157000,2
0,53,250000,2
2,69,120000,0
2,17,132026.64,1
2,47,132026.64,2
2,70,53000,2
2,33,50000,2
1,47,132026.64,1
2,7,75000,2
2,5,157000,2
2,17,90000,2
1,33,65000,0
3,69,65000,0
2,47,109000,2
2,47,88000,1
1,23,10000,1
2,25,20000,0
3,58,87000,2
3,58,200000,1
1,47,66500,2
2,47,78000,1
3,33,135000,1
3,33,115000,1
2,69,121000,2
1,47,40000,2
2,58,30000,0
3,69,57000,2
1,33,48000,2
3,89,85000,2
1,47,120000,1
3,47,165000,1
2,74,153000,1
3,47,100000,1
3,68,100000,1
2,47,150000,2
2,81,75000,0
2,86,20000,0
1,7,29000,1
2,89,69999,2
1,33,52800,1
2,89,59000,2
3,45,152500,1
1,89,120000,2
2,47,135000,2
3,28,132026.64,2
3,33,150000,2
3,45,240000,2
2,25,135000,2
1,47,80000,1
3,5,132026.64,2
2,47,115000,2
3,5,177000,2
2,33,62000,1
2,47,48000,0
1,27,20000,1
3,84,220000,2
2,66,132026.64,0
2,66,132026.64,0
1,24,150000,0
2,25,90000,1
2,47,100000,1
1,47,100000,0
1,47,100000,1
3,89,144000,2
3,84,148000,1
3,23,24000,1
2,7,38400,1
1,57,100000,2
2,47,82500,0
1,47,42000,1
3,64,132026.64,2
1,33,120000,1
3,65,80000,1
1,69,20000,0
1,23,125000,1
2,47,132026.64,0
3,74,120000,0
1,25,8760,1
1,5,80000,2
1,66,20000,2
1,25,50000,1
3,83,200000,1
2,16,60000,1
2,33,200000,2
1,68,100000,0
2,33,100000,2
3,69,70000,1
2,33,51999,0
2,89,53000,1
2,33,60000,2
2,31,170000,2
2,31,150000,2
1,12,55000,0
0,53,250000,2
1,33,80000,2
1,16,70000,2
0,53,110000,1
1,42,54000,2
3,47,60000,2
0,59,85000,1
0,58,230000,2
1,69,125000,0
3,29,120000,1
2,89,132026.64,1
2,25,41000,2
2,33,65000,2
3,43,159500,2
3,45,144000,2
1,47,13400,2
2,47,95000,2
2,47,150000,1
2,42,103000,2
3,33,153000,2
2,33,90000,2
1,25,90000,0
1,25,60000,0
2,47,50000,2
1,3,12000,1
2,0,132026.64,1
2,66,270000,2
2,5,68000,2
2,69,40000,0
0,53,130000,2
2,33,110000,2
2,27,110000,2
1,89,60000,2
1,69,250000,2
1,25,50000,1
3,25,80000,0
1,25,10000,0
1,69,138000,0
2,33,140000,2
3,27,67000,2
3,62,170000,2
1,25,80000,1
2,47,45760,0
2,12,100000,1
3,47,45000,2
0,58,235000,2
0,12,150000,2
0,33,70000,2
1,74,225000,2
1,42,65000,0
2,70,44000,1
3,77,75000,2
3,63,75000,0
3,33,82500,1
3,69,80000,2
1,33,132026.64,2
3,33,150000,1
3,33,115000,0
2,89,235000,2
2,25,37456,2
2,33,106000,2
2,33,88000,2
2,12,132026.64,2
3,33,150000,2
1,66,14000,0
2,24,81000,0
1,24,70000,1
2,47,60000,0
2,20,120000,2
1,47,132026.64,2
3,63,276000,2
3,33,188000,2
3,20,160000,0
2,47,105000,2
2,33,200000,2
3,33,174000,2
2,25,93000,2
1,47,132026.64,1
3,89,51400,2
1,47,90000,0
2,33,61500,2
1,25,132026.64,0
3,33,132026.64,0
3,81,170000,1
3,33,70000,2
2,33,108000,1
1,47,31000,2
2,33,52500,2
1,25,91000,2
3,15,125000,1
3,47,165000,2
2,25,80000,2
3,47,130000,2
1,33,132026.64,1
1,89,42000,2
2,64,115000,2
2,89,80000,1
3,74,260000,0
2,59,110000,0
2,31,180000,2
3,25,200000,2
3,16,85000,1
3,33,200000,2
3,66,256000,0
2,33,110000,2
2,47,70000,2
1,33,72500,2
3,69,185000,2
2,33,59000,2
1,89,100000,2
2,33,112000,2
3,69,150000,2
3,47,180000,2
3,3,55000,2
1,47,58000,2
1,47,100000,1
3,47,65720,1
1,69,85000,0
1,42,65000,2
3,92,105000,1
1,25,72000,2
1,33,55000,1
2,33,250000,1
2,33,111775,1
2,33,93150,1
3,63,160000,0
2,47,21600,0
3,69,132026.64,2
2,47,132026.64,0
3,25,54000,2
3,64,190000,0
0,53,120000,2
1,16,132026.64,2
3,25,90000,1
2,47,132026.64,2
3,47,135000,2
1,69,21000,1
3,45,132026.64,2
3,69,132026.64,2
1,12,9272,0
2,47,147000,2
3,89,120500,2
3,45,174000,2
2,17,135000,2
1,69,21844,1
3,63,125000,0
1,47,45000,0
2,47,132026.64,2
0,42,59000,0
3,27,50000,1
1,47,35000,1
2,62,87000,2
2,33,22000,2
2,47,76760,2
2,16,132026.64,2
2,47,132026.64,0
1,69,81000,0
2,47,132026.64,2
1,42,90000,0
2,47,52000,1
3,70,195000,1
2,47,32000,2
2,25,85000,2
0,84,132026.64,0
3,74,225000,2
2,47,40900,2
2,47,132026.64,1
2,47,85000,2
2,69,180000,2
2,25,8000,2
1,33,132026.64,0
3,16,100000,0
2,69,75000,1
1,42,132026.64,1
2,63,56000,1
1,23,180000,0
2,47,75000,2
2,86,132026.64,2
3,33,42000,2
2,12,98000,1
2,33,48000,0
2,89,48000,0
2,69,21000,2
3,29,120000,2
2,33,20000,2
0,53,132026.64,2
3,69,200000,2
1,3,132026.64,0
2,47,160000,2
3,89,50000,0
2,43,34000,1
2,47,69600,0
3,33,165000,1
1,16,132026.64,2
2,47,37000,0
3,83,185000,2
1,47,55000,0
2,47,76760,2
1,47,19000,0
2,33,110000,2
3,29,140000,2
3,47,120000,2
3,47,110000,0
3,56,45000,2
2,74,12000,1
3,33,65000,0
2,69,74000,0
3,45,152000,2
2,16,18000,0
3,23,60000,0
2,47,130000,2
3,23,102000,1
1,17,50000,2
3,84,147000,1
3,84,130000,1
2,47,34000,1
2,47,39600,1
1,3,132026.64,0
3,47,80000,0
2,47,55000,0
2,47,115000,2
3,84,235000,2
2,62,132026.64,2
1,3,12000,0
2,25,75000,2
2,25,62000,2
2,47,73000,2
2,33,38400,2
3,45,190200,1
2,47,118000,1
2,47,138350,1
2,33,130800,1
3,69,40000,0
3,53,168000,0
2,47,160000,1
2,7,132026.64,2
2,33,24000,2
3,49,165000,2
3,47,132026.64,2
2,84,151000,2
1,47,105000,0
1,17,100000,2
3,45,132026.64,2
